values,mean,sd
Jaccard_non_DMPK,5.641791044776119,10.51074701456376
PSI3_PSI5_DMPK,21.52747252747253,18.7986367551701
