Estimate,Absolute_Effect_Estimate,pvalue,padjust,variance_explained,std_error,Value,Numbers
-3.4581361295440165,3.4581361295440165,0.9843645476330891,0.9843645476330891,0.09100098666689688,4.640510887817664,Intercept,5
2.277192997764753,2.277192997764753,0.9098303453108605,0.9843645476330891,0.059924422250799525,0.528774236926289,RIN,4
1.3126930610585068,1.3126930610585068,0.02992458057391157,0.07481145143477892,0.03454356892620781,0.015851700021325472,Age,3
23.928865869740303,23.928865869740303,0.30370545052215475,0.5061757508702579,0.6296890354785798,0.6114103852653943,Sex,2
7.024195844447197,7.024195844447197,3.592662802576209e-9,1.7963314012881043e-8,0.184841986677516,0.03059259719434203,Batch,1
