values,pvalue,mean,conf.low,conf.high,padjust,p_adjust
Haploinsufficient,1.3104569995561054e-9,2.6646605095859144,1.911507406751051,3.7456565819908443,2.2932997492231846e-9,2.2932997492231846e-9
"Olfactory 
 receptor",0.2773790055710933,0,0,3.5640926632722363,0.3883306077995306,0.3883306077995306
"Developmental 
 Delay",3.1644223934556224e-75,2.710331476429917,2.4284299377688354,3.0271249079803786,7.383652251396453e-75,7.383652251396453e-75
OMIM,0,3.9027577951797183,3.6616084046066644,4.161879221856381,0,0
"CRISPR 
 Non Essential",0,0,0,0,0,0
Recessive,0.9999999999999999,1.0045211032431438,0.7458025903071291,1.3507531700633921,0.9999999999999999,0.9999999999999999
Dominant,0.664908205287566,0.9342138265046424,0.6975979110232035,1.252643300679506,0.7757262395021604,0.7757262395021604
