values,pvalue,mean,conf.low,conf.high,padjust,p_adjust
Haploinsufficient,0.041074801979858966,1.4778988128759818,1.0164243545205875,2.1993987738963714,0.05750472277180255,0.05750472277180255
"Olfactory 
 receptor",0.002354006523761159,0.10714154308213893,0.010852223181645327,0.5630545789911395,0.004119511416582029,0.004119511416582029
"Developmental 
 Delay",3.428168287818343e-13,1.5701904222537393,1.3839417938665572,1.7850185049489216,7.999059338242801e-13,7.999059338242801e-13
OMIM,4.210561001951904e-41,1.8056914689840708,1.6565492949961227,1.967904242328716,1.4736963506831665e-40,1.4736963506831665e-40
"CRISPR 
 Non Essential",0,0,0,0,0,0
Recessive,0.3898294565070007,1.1456118868040224,0.8345696500447356,1.565330906992406,0.3951417134999042,0.3951417134999042
Dominant,0.3951417134999042,0.8762464248972269,0.643202381024487,1.1988099330204107,0.3951417134999042,0.3951417134999042
