Estimate,Absolute_Effect_Estimate,pvalue,padjust,variance_explained,std_error,Value,Numbers
2.510278784675891,2.510278784675891,0.596138264926577,0.7451728311582212,0.7523533206373272,1.4196363027444943,Intercept,5
-0.7192857157659143,0.7192857157659143,0.20378652280669643,0.3966331474365985,0.2155764531202667,0.16963339589028245,RIN,4
0.022215129981161402,0.022215129981161402,0.1889481158306377,0.3966331474365985,0.0066580759522590505,0.005068196716236242,Age,3
0.030667556795297264,0.030667556795297264,0.9626608300771482,0.9626608300771482,0.009191344934126398,0.19633415387855435,Sex,2
-0.05412183669380574,0.05412183669380574,0.23797988846195908,0.3966331474365985,0.016220805356020725,0.01374584985656748,Batch,1
