Estimate,Absolute_Effect_Estimate,pvalue,padjust,variance_explained,std_error,Value,Numbers
475.6384678557642,475.6384678557642,0.0093132868408407,0.0465664342042035,0.8779828280626599,0.3359410101235044,Intercept,5
-47.24210558463219,47.24210558463219,0.02326857883741254,0.05817144709353135,0.0872043795192111,0.0382796109253052,RIN,4
0.6189550186949664,0.6189550186949664,0.3200585265506895,0.5334308775844825,0.0011425313856703808,0.0011475538461333517,Age,3
-17.61481126762488,17.61481126762488,0.46302406193084067,0.5787800774135509,0.032515246048663085,0.04426189861234264,Sex,2
-0.6257178838624484,0.6257178838624484,0.6023018783582188,0.6023018783582188,0.0011550149837954865,0.00221469322068587,Batch,1
