Estimate,Absolute_Effect_Estimate,pvalue,padjust,variance_explained,std_error,Value,Numbers
-3.446766319864636,3.446766319864636,0.28233131792306937,0.470552196538449,0.9389461653639567,0.8733595159322397,Intercept,5
-0.029794683361320674,0.029794683361320674,0.9333483686018353,0.9333483686018353,0.00811647819845356,0.09704895535101031,RIN,4
0.012957964616272907,0.012957964616272907,0.2374969845609155,0.470552196538449,0.0035299263304421247,0.002988256405426776,Age,3
0.15136015483590456,0.15136015483590456,0.7230998982486243,0.9038748728107804,0.04123257099066953,0.11637135336360303,Sex,2
0.030008993179489764,0.030008993179489764,0.06860446004119954,0.34302230020599767,0.008174859116478087,0.004489175360769591,Batch,1
