Estimate,Absolute_Effect_Estimate,pvalue,padjust,variance_explained,std_error,Value,Numbers
-1.4206269940841387,1.4206269940841387,0.6421667496391993,0.8027084370489991,0.8113769042596333,1.746130275825863,Intercept,5
-0.2638908461228587,0.2638908461228587,0.4432182147945997,0.7386970246576662,0.15071861838557957,0.19656298254511004,RIN,4
0.018936748794328093,0.018936748794328093,0.08616087804016354,0.32074141010843543,0.010815534744494842,0.006302735808633973,Age,3
-0.021882380164319912,0.021882380164319912,0.9593181966936907,0.9593181966936907,0.012497902651078823,0.24501275939394934,Sex,2
0.02554722118536669,0.02554722118536669,0.12829656404337417,0.32074141010843543,0.01459103995921344,0.009593980212838199,Batch,1
