Estimate,Absolute_Effect_Estimate,pvalue,padjust,variance_explained,std_error,Value,Numbers
265.26778742459345,265.26778742459345,0.01645499617020132,0.08227498085100661,0.8593967920534036,0.3566856551572213,Intercept,5
-25.842071853852605,25.842071853852605,0.03951372251161433,0.19756861255807165,0.08372141173578275,0.040524707285815906,RIN,4
0.28564222837300673,0.28564222837300673,0.423975735413854,1,9.254045397748464e-4,0.0011561656719846544,age,3
-16.727058620499264,16.727058620499264,0.22453265888678398,1,0.0541912030047473,0.04454499700285865,sexM,2
-0.5448562249985829,0.5448562249985829,0.42992014186050287,1,0.0017651886662914786,0.0022339233602614865,batch,1
