values,mean,sd
RNU4ATAC,312.5,54.79963503528103
non-RNU4ATAC,2.818421052631579,13.722511121675801
overall,6.044270833333333,34.655795253270995
