Estimate,Absolute_Effect_Estimate,pvalue,padjust,variance_explained,std_error,Value,Numbers
-0.45143007425775483,0.45143007425775483,0.8792178661401407,0.9095787621556425,0.5028097409366105,3.308812493807536,Intercept,5
-0.34983180865450364,0.34983180865450364,0.2914641305100819,0.7286603262752047,0.3896480343498851,0.36936433471524627,RIN,4
0.004021529833007723,0.004021529833007723,0.7101856730390056,0.9095787621556425,0.004479241611955426,0.012053714792932517,Age,3
0.04775011436526497,0.04775011436526497,0.9095787621556425,0.9095787621556425,0.05318480979179016,0.46830029272056806,Sex,2
0.04478136688267592,0.04478136688267592,0.0014297095383048655,0.007148547691524327,0.049878173309758814,0.015642729552411392,Batch,1
